title,rating,director
Killer Constable,6,Kuei Chih-Hung
Once Upon a Time in China,7,Tsui Hark
Starship Troopers,8,Paul Verhoeven
Female Prisoner #701: Scorpion,8,Shunya Ito
Enter the Void,7,Gaspar Noé
Pit Stop,7,Jack Hill
The Cremator,7,Juraj Herz
Wheel of Time,7,Werner Herzog
She's Gotta Have It,7,Spike Lee
Transit,7,Christian Petzold
Dancer in the Dark,7,Lars von Trier
An Actor's Revenge,7,Kon Ichikawa
City on Fire,7,Ringo Lam
Total Recall,7,Paul Verhoeven
Pickup on South Street,8,Samuel Fuller
La Ceremonie,7,Claude Chabrol
The Hitch-Hiker,7,Ida Lupino
The Raid 2,8,Gareth Evans
Boy Meets Girl,7,Leos Carax
Our Daily Bread,8,King Vidor
The New Land,8,Jan Troell
La Bête Humaine,7,Jean Renoir
Pain and Glory,7,Pedro Almodóvar
The Westerner,7,William Wyler
The Assassin,6,Hou Hsiao-hsien
Killer Joe,6,William Friedkin
The Far Country,7,Anthony Mann
A. K.,6,Chris Marker
My Name Is Nobody,7,Tonino Valerii
Once Upon a Time… in Hollywood,8,Quentin Tarantino
Wendy and Lucy,7,Kelly Reichardt
Diary of a Country Priest,6,Robert Bresson
La Strada,8,Federico Fellini
Water Lilies,7,Céline Sciamma
Let the Sunshine In,6,Claire Denis
Pulse,7,Kiyoshi Kurosawa
Ernest & Celestine,7,Stéphane Aubier
Ernest & Celestine,7,Vincent Patar
Ernest & Celestine,7,Benjamin Renner
Night Moves,7,Kelly Reichardt
Princess Mononoke,8,Hayao Miyazaki
The Watermelon Woman,7,Cheryl Dunye
Tristana,7,Luis Buñuel
"Black God, White Devil",6,Glauber Rocha
Kaili Blues,8,Bi Gan
Paprika,7,Satoshi Kon
City of the Living Dead,6,Lucio Fulci
Monos,7,Alejandro Landes
Eastern Condors,7,Sammo Hung
Portrait of a Lady on Fire,8,Céline Sciamma
Sorry to Bother You,7,Boots Riley
"Our Voice of Earth, Memory and Future",7,Marta Rodríguez
"Our Voice of Earth, Memory and Future",7,Jorge Silva
King of New York,7,Abel Ferrara
Alphaville,6,Jean-Luc Godard
Cure,8,Kiyoshi Kurosawa
Atlantics,7,Mati Diop
Tokyo Fist,7,Shinya Tsukamoto
Tomboy,8,Céline Sciamma
Maborosi,8,Hirokazu Kore-eda
Eureka,8,Shinji Aoyama
Fireworks,8,Takeshi Kitano
Stan & Ollie,6,Jon S. Baird
Drunken Master,8,Yuen Woo-ping
Top Secret!,8,Jerry Zucker
Top Secret!,8,Jim Abrahams
Top Secret!,8,David Zucker
Dirty Harry,7,Don Siegel
The Ballad of Narayama,7,Shōhei Imamura
Don't Let the Riverbeast Get You!,7,Charles Roxburgh
Walker,7,Alex Cox
To Live and Die in L.A.,7,William Friedkin
Enter the Dragon,7,Robert Clouse
Bait,7,Mark Jenkin
The King of Marvin Gardens,6,Bob Rafelson
Listen Up Philip,6,Alex Ross Perry
Audition,8,Takashi Miike
Deliverance,8,John Boorman
Kind Hearts and Coronets,7,Robert Hamer
"Electra, My Love",6,Miklós Jancsó
Teddy Bomb,6,Justin Decloux
Weekend,8,Jean-Luc Godard
A Man Escaped,9,Robert Bresson
Missing,8,Costa-Gavras
My Twentieth Century,7,Ildikó Enyedi
The Taking of Pelham One Two Three,9,Joseph Sargent
Godzilla,7,Ishirō Honda
The Terminator,7,James Cameron
The Honeymoon Killers,7,Leonard Kastle
The Honeymoon Killers,7,Donald Volkman
School on Fire,6,Ringo Lam
Hard Boiled,8,John Woo
Syndromes and a Century,8,Apichatpong Weerasethakul
Billy Liar,8,John Schlesinger
The Return,8,Andrey Zvyagintsev
In the Soup,7,Alexandre Rockwell
Witness for the Prosecution,7,Billy Wilder
My Night at Maud's,8,Éric Rohmer
Obsession,6,Brian De Palma
L'Eclisse,7,Michelangelo Antonioni
RoboCop,7,Paul Verhoeven
The Goalie's Anxiety at the Penalty Kick,7,Wim Wenders
Midnight Cowboy,7,John Schlesinger
Fruit of Paradise,7,Věra Chytilová
Twelve Monkeys,7,Terry Gilliam
The Conformist,8,Bernardo Bertolucci
Tyrannosaur,7,Paddy Considine
Hellraiser,6,Clive Barker
Sweet Smell of Success,8,Alexander Mackendrick
Detour,7,Edgar G. Ulmer
The Human Condition II: Road to Eternity,8,Masaki Kobayashi
The Human Condition III: A Soldier's Prayer,8,Masaki Kobayashi
First Reformed,8,Paul Schrader
Monsieur Verdoux,7,Charlie Chaplin
Love and Death,7,Woody Allen
Marketa Lazarová,8,František Vláčil
Only Angels Have Wings,8,Howard Hawks
Mikey and Nicky,7,Elaine May
The Phantom Carriage,8,Victor Sjöström
Julieta,7,Pedro Almodóvar
Source Code,7,Duncan Jones
Phantom Thread,8,Paul Thomas Anderson
Hot Fuzz,7,Edgar Wright
Smiles of a Summer Night,8,Ingmar Bergman
Pauline at the Beach,8,Éric Rohmer
Get Out,7,Jordan Peele
Le Bonheur,7,Agnès Varda
Blazing Saddles,7,Mel Brooks
The Shooting,6,Monte Hellman
Bottle Rocket,7,Wes Anderson
Elevator to the Gallows,7,Louis Malle
Suspicion,6,Alfred Hitchcock
Performance,7,Nicolas Roeg
Performance,7,Donald Cammell
The Bad Sleep Well,8,Akira Kurosawa
Caché,8,Michael Haneke
Into the Inferno,7,Werner Herzog
Nocturnal Animals,7,Tom Ford
Burden of Dreams,7,Les Blank
Once Upon a Time in the West,10,Sergio Leone
The Green Ray,8,Éric Rohmer
Cries and Whispers,8,Ingmar Bergman
Train to Busan,7,Yeon Sang-ho
Mishima: A Life in Four Chapters,7,Paul Schrader
The Prestige,5,Christopher Nolan
The Cranes Are Flying,8,Mikhail Kalatozov
Fantastic Planet,8,René Laloux
Winter Light,8,Ingmar Bergman
Yi Yi,8,Edward Yang
The Wolf of Wall Street,8,Martin Scorsese
Alice Doesn't Live Here Anymore,8,Martin Scorsese
Lone Wolf and Cub: Baby Cart at the River Styx,8,Kenji Misumi
Lone Wolf and Cub: Sword of Vengeance,8,Kenji Misumi
Once Upon a Time in America,8,Sergio Leone
Closely Watched Trains,8,Jiří Menzel
Lone Wolf and Cub: Baby Cart to Hades,8,Kenji Misumi
Rififi,8,Jules Dassin
The Kid with a Bike,8,Luc Dardenne
The Kid with a Bike,8,Jean-Pierre Dardenne
Lone Wolf and Cub: Baby Cart in Peril,8,Buichi Saito
The Seventh Seal,8,Ingmar Bergman
The Gold Rush,7,Charlie Chaplin
Key Largo,7,John Huston
La Ronde,8,Max Ophüls
That Obscure Object of Desire,8,Luis Buñuel
Mildred Pierce,7,Michael Curtiz
Diabolique,7,Henri-Georges Clouzot
Best in Show,7,Christopher Guest
The Getaway,7,Sam Peckinpah
Magnolia,9,Paul Thomas Anderson
The Music Room,8,Satyajit Ray
Walkabout,7,Nicolas Roeg
Mindhorn,6,Sean Foley
Stalker,9,Andrei Tarkovsky
Late Autumn,8,Yasujirō Ozu
Elle,7,Paul Verhoeven
Ju Dou,8,Zhang Yimou
Ju Dou,8,Yang Fengliang
Dersu Uzala,9,Akira Kurosawa
The Firemen's Ball,8,Miloš Forman
Airplane!,8,Jerry Zucker
Airplane!,8,Jim Abrahams
Airplane!,8,David Zucker
Samurai Rebellion,8,Masaki Kobayashi
A Bucket of Blood,8,Roger Corman
Ivan's Childhood,8,Andrei Tarkovsky
The Man Without a Past,8,Aki Kaurismäki
Sansho the Bailiff,9,Kenji Mizoguchi
Going Clear: Scientology and the Prison of Belief,7,Alex Gibney
Wiener-Dog,6,Todd Solondz
His Girl Friday,8,Howard Hawks
Trees Lounge,8,Steve Buscemi
The American Friend,7,Wim Wenders
Carol,8,Todd Haynes
Prick Up Your Ears,8,Stephen Frears
"Steamboat Bill, Jr.",7,Buster Keaton
"Steamboat Bill, Jr.",7,Charles Reisner
Safety Last!,8,Fred C. Newmeyer
Safety Last!,8,Sam Taylor
Captain Fantastic,6,Matt Ross
Dreams,7,Akira Kurosawa
The Grandmother,7,David Lynch
High and Low,9,Akira Kurosawa
Embrace of the Serpent,7,Ciro Guerra
Tampopo,9,Juzo Itami
Hannah and Her Sisters,8,Woody Allen
Holy Motors,8,Leos Carax
Permanent Vacation,6,Jim Jarmusch
The Great Dictator,8,Charlie Chaplin
The Testament of Dr. Mabuse,7,Fritz Lang
Toni Erdmann,8,Maren Ade
Solaris,8,Andrei Tarkovsky
Notes on Blindness,7,Pete Middleton
Notes on Blindness,7,James Spinney
Possession,8,Andrzej Żuławski
Persona,8,Ingmar Bergman
Inside Out,7,Pete Docter
Far from Heaven,7,Todd Haynes
Ferris Bueller's Day Off,6,John Hughes
Easy Street,7,Charlie Chaplin
The Pawnshop,7,Charlie Chaplin
The Cure,8,Charlie Chaplin
Scanners,5,David Cronenberg
The Deer Hunter,7,Michael Cimino
Metropolis,8,Fritz Lang
"Life, Animated",7,Roger Ross Williams
The Evil Dead,8,Sam Raimi
Happiness,8,Todd Solondz
The Discreet Charm of the Bourgeoisie,8,Luis Buñuel
Sicario,7,Denis Villeneuve
Birdman or (The Unexpected Virtue of Ignorance),7,Alejandro González Iñárritu
Lo and Behold: Reveries of the Connected World,6,Werner Herzog
I Am Belfast,6,Mark Cousins
Raging Bull,8,Martin Scorsese
Au Hasard Balthazar,7,Robert Bresson
The Purple Rose of Cairo,8,Woody Allen
Green Room,7,Jeremy Saulnier
Escape from New York,7,John Carpenter
Tokyo Story,8,Yasujirō Ozu
The Birds,6,Alfred Hitchcock
Blue Velvet,8,David Lynch
Gimme Danger,7,Jim Jarmusch
The Wild Child,7,François Truffaut
Onibaba,9,Kaneto Shindō
Mirror,7,Andrei Tarkovsky
The Passion of Joan of Arc,8,Carl Theodor Dreyer
The Naked Island,8,Kaneto Shindō
Mustang,7,Deniz Gamze Ergüven
The Wind Rises,8,Hayao Miyazaki
Grave of the Fireflies,8,Isao Takahata
The Secret World of Arrietty,6,Hiromasa Yonebayashi
Listen to Me Marlon,7,Stevan Riley
Jurassic Park,7,Steven Spielberg
Oldboy,8,Park Chan-wook
Repo Man,7,Alex Cox
The 400 Blows,8,François Truffaut
Drive,7,Nicolas Winding Refn
Fata Morgana,7,Werner Herzog
City of God,8,Fernando Meirelles
City of God,8,Kátia Lund
City of God,8,Kátia Lund
Alien,8,Ridley Scott
Zootopia,5,Byron Howard
Zootopia,5,Rich Moore
Zootopia,5,Jared Bush
The Wolfpack,6,Crystal Moselle
Monty Python and the Holy Grail,8,Terry Gilliam
Monty Python and the Holy Grail,8,Terry Jones
Touch of Evil,7,Orson Welles
Local Hero,8,Bill Forsyth
Boogie Nights,8,Paul Thomas Anderson
Big Hero 6,7,Chris Williams
Big Hero 6,7,Don Hall
Slow West,7,John Maclean
The Killing,8,Stanley Kubrick
Girlhood,7,Céline Sciamma
A Most Violent Year,7,J.C. Chandor
The Empire Strikes Back,8,Irvin Kershner
Elephant,7,Gus Van Sant
Harold and Maude,7,Hal Ashby
Mad Max: Fury Road,7,George Miller
Léon: The Professional,7,Luc Besson
Star Wars: The Force Awakens,5,J.J. Abrams
Safe,8,Todd Haynes
Persepolis,8,Vincent Paronnaud
Persepolis,8,Marjane Satrapi
Star Wars,8,George Lucas
The Conversation,9,Francis Ford Coppola
The Conversation,9,The Directors Company
A Clockwork Orange,8,Stanley Kubrick
On the Waterfront,8,Elia Kazan
Paths of Glory,9,Stanley Kubrick
Psycho,8,Alfred Hitchcock
Brazil,7,Terry Gilliam
Return of the Jedi,7,Richard Marquand
One Flew Over the Cuckoo's Nest,9,Miloš Forman
Dead Man,8,Jim Jarmusch
The Social Network,7,David Fincher
Half Nelson,6,Ryan Fleck
Half Nelson,6,Anna Boden
American Psycho,7,Mary Harron
Philomena,6,Stephen Frears
Chinatown,9,Roman Polanski
Breathless,7,Jean-Luc Godard
There Will Be Blood,8,Paul Thomas Anderson
Donnie Darko,7,Richard Kelly
The Motorcycle Diaries,7,Walter Salles
The Panic in Needle Park,7,Jerry Schatzberg
The Shining,8,Stanley Kubrick
No Country for Old Men,9,Joel Coen
No Country for Old Men,9,Ethan Coen
"Paris, Texas",10,Wim Wenders
Foxcatcher,6,Bennett Miller
Stop Making Sense,9,Jonathan Demme
The Godfather: Part II,9,Francis Ford Coppola
The Texas Chain Saw Massacre,7,Tobe Hooper
Taxi Driver,9,Martin Scorsese
Annie Hall,8,Woody Allen
The Royal Tenenbaums,8,Wes Anderson
Into the Wild,6,Sean Penn
Punch-Drunk Love,8,Paul Thomas Anderson
Network,9,Sidney Lumet
24 Hour Party People,7,Michael Winterbottom
Talk to Her,8,Pedro Almodóvar
Obvious Child,6,Gillian Robespierre
Mistaken for Strangers,7,Tom Berninger
"Two Days, One Night",9,Luc Dardenne
"Two Days, One Night",9,Jean-Pierre Dardenne
Starred Up,8,David Mackenzie
28 Days Later,6,Danny Boyle
Whiplash,8,Damien Chazelle
White God,7,Kornél Mundruczó
It Follows,8,David Robert Mitchell
Rushmore,8,Wes Anderson
20.000 Days on Earth,7,Iain Forsyth
20.000 Days on Earth,7,Jane Pollard
Electricity,6,Bryn Higgins
Nightcrawler,7,Dan Gilroy
Fight Club,7,David Fincher
Inception,7,Christopher Nolan
Submarine,7,Richard Ayoade
Under the Skin,8,Jonathan Glazer
Winter's Bone,8,Debra Granik
Four Lions,7,Chris Morris
Rounders,6,John Dahl
A Serious Man,7,Joel Coen
A Serious Man,7,Ethan Coen
Boyhood,9,Richard Linklater
Miller's Crossing,7,Joel Coen
Slacker,7,Richard Linklater
Se7en,7,David Fincher
Naked Lunch,6,David Cronenberg
Wild at Heart,7,David Lynch
American Beauty,7,Sam Mendes
Cosmopolis,6,David Cronenberg
High Fidelity,7,Stephen Frears
Barton Fink,9,Joel Coen
Attack the Block,7,Joe Cornish
Reservoir Dogs,8,Quentin Tarantino
Up,7,Pete Docter
Up,7,Bob Peterson
Carlito's Way,7,Brian De Palma
Bad Lieutenant,6,Abel Ferrara
Twin Peaks: Fire Walk with Me,7,David Lynch
The Wackness,6,Jonathan Levine
Groundhog Day,8,Harold Ramis
Paddington,7,Paul King
That Evening Sun,7,Scott Teems
La Haine,8,Mathieu Kassovitz
Casino,8,Martin Scorsese
Shutter Island,7,Martin Scorsese
Let the Right One In,8,Tomas Alfredson
The Girl with the Dragon Tattoo,6,Niels Arden Oplev
District 9,6,Neill Blomkamp
The Shawshank Redemption,7,Frank Darabont
Before Sunrise,9,Richard Linklater
Zombieland,6,Ruben Fleischer
Trainspotting,7,Danny Boyle
Crash,7,David Cronenberg
The Usual Suspects,6,Bryan Singer
The Big Lebowski,8,Joel Coen
Donnie Brasco,7,Mike Newell
Fargo,10,Joel Coen
Bronson,6,Nicolas Winding Refn
American History X,7,Tony Kaye
Jackie Brown,7,Quentin Tarantino
Being John Malkovich,9,Spike Jonze
The Lego Movie,7,Phil Lord
The Lego Movie,7,Christopher Miller
In the Loop,8,Armando Iannucci
Kick-Ass,6,Matthew Vaughn
"South Park: Bigger, Longer & Uncut",7,Trey Parker
"Lock, Stock and Two Smoking Barrels",6,Guy Ritchie
127 Hours,6,Danny Boyle
Ghost World,7,Terry Zwigoff
Killing Them Softly,6,Andrew Dominik
Mulholland Drive,9,David Lynch
The Girl with the Dragon Tattoo,6,David Fincher
The Punk Singer,7,Sini Anderson
Her,8,Spike Jonze
Moonrise Kingdom,8,Wes Anderson
Frank,8,Lenny Abrahamson
The Double,6,Richard Ayoade
Only Lovers Left Alive,7,Jim Jarmusch
"O Brother, Where Art Thou?",8,Joel Coen
Good Vibrations,8,Lisa Barros D'Sa
Good Vibrations,8,Glenn Leyburn
Inside Llewyn Davis,8,Joel Coen
Inside Llewyn Davis,8,Ethan Coen
While We're Young,7,Noah Baumbach
Un Chien Andalou,7,Luis Buñuel
Sexy Beast,7,Jonathan Glazer
No,7,Pablo Larraín
Snatch,6,Guy Ritchie
Children of Men,8,Alfonso Cuarón
Maps to the Stars,6,David Cronenberg
Before Midnight,7,Richard Linklater
Gone Girl,6,David Fincher
Calvary,7,John Michael McDonagh
Blow,6,Ted Demme
The Grand Budapest Hotel,8,Wes Anderson
The Babadook,8,Jennifer Kent
Ida,8,Paweł Pawlikowski
We Are the Best!,8,Lukas Moodysson
Blue Ruin,7,Jeremy Saulnier
Kill Bill: Vol. 1,6,Quentin Tarantino
The Selfish Giant,7,Clio Barnard
Frances Ha,7,Noah Baumbach
Battle Royale,6,Kinji Fukasaku
Amores Perros,8,Alejandro González Iñárritu
Beasts of the Southern Wild,7,Benh Zeitlin
Belle,7,Amma Asante
Ocean's Eleven,6,Steven Soderbergh
Y Tu Mamá También,7,Alfonso Cuarón
The Man Who Wasn't There,8,Joel Coen
Mr. Turner,7,Mike Leigh
School of Rock,6,Richard Linklater
Collateral,7,Michael Mann
The Life Aquatic with Steve Zissou,7,Wes Anderson
Inglourious Basterds,7,Quentin Tarantino
Eternal Sunshine of the Spotless Mind,8,Michel Gondry
Nas: Time Is Illmatic,7,One9
"Pulp: a Film About Life, Death & Supermarkets",7,Florian Habicht
Grizzly Man,9,Werner Herzog
No Manifesto: A Film About Manic Street Preachers,7,Director not specified
Lost in Translation,7,Sofia Coppola
Cobain: Montage of Heck,7,Brett Morgen
Inland Empire,7,David Lynch
Dig!,8,Ondi Timoner
A Cock and Bull Story,7,Michael Winterbottom
Volver,6,Pedro Almodóvar
Juno,6,Jason Reitman
The Young and the Damned,8,Luis Buñuel
Pan's Labyrinth,8,Guillermo del Toro
Team America: World Police,7,Trey Parker
Rear Window,9,Alfred Hitchcock
Alan Partridge: Alpha Papa,7,Declan Lowney
Before Sunset,10,Richard Linklater
The Departed,7,Martin Scorsese
Scott Pilgrim vs. the World,7,Edgar Wright
Requiem for a Dream,7,Darren Aronofsky
Serpico,7,Sidney Lumet
Eraserhead,9,David Lynch
if....,8,Lindsay Anderson
Vertigo,8,Alfred Hitchcock
Badlands,9,Terrence Malick
The Exorcist,8,William Friedkin
The Godfather,10,Francis Ford Coppola
"Aguirre, the Wrath of God",9,Werner Herzog
Blow-Up,7,Michelangelo Antonioni
Fitzcarraldo,8,Werner Herzog
Apocalypse Now,10,Francis Ford Coppola
Some Like It Hot,7,Billy Wilder
Blade Runner,8,Ridley Scott
Manhattan,8,Woody Allen
Dallas Buyers Club,6,Jean-Marc Vallée
The Brood,7,David Cronenberg
In Bruges,7,Martin McDonagh
Scarface,6,Brian De Palma
Halloween,8,John Carpenter
Stranger Than Paradise,8,Jim Jarmusch
Down by Law,8,Jim Jarmusch
Videodrome,8,David Cronenberg
The Graduate,8,Mike Nichols
12 Angry Men,10,Sidney Lumet
Matador,6,Pedro Almodóvar
The Fly,8,David Cronenberg
Broken Embraces,6,Pedro Almodóvar
Taken,5,Pierre Morel
Withnail & I,7,Bruce Robinson
The Untouchables,6,Brian De Palma
The Mosquito Coast,5,Peter Weir
Raising Arizona,7,Joel Coen
The Godfather: Part III,5,Francis Ford Coppola
Still Life,6,Uberto Pasolini
The Vanishing,8,George Sluizer
Dead Ringers,8,David Cronenberg
Rain Man,6,Barry Levinson
Heathers,7,Michael Lehmann
Black Swan,7,Darren Aronofsky
'71,7,Yann Demange
Mary and Max,8,Adam Elliot
Adaptation.,8,Spike Jonze
The Kids Are All Right,6,Lisa Cholodenko
Somewhere,5,Sofia Coppola
What We Do in the Shadows,6,Taika Waititi
What We Do in the Shadows,6,Jemaine Clement
Nirvana: Live At Reading,8,Director not specified
Days of Heaven,8,Terrence Malick
Pride,7,Matthew Warchus
Coffee and Cigarettes,7,Jim Jarmusch
A Girl Walks Home Alone at Night,6,Ana Lily Amirpour
A Separation,8,Asghar Farhadi
Full Metal Jacket,8,Stanley Kubrick
Dogtooth,8,Yorgos Lanthimos
"Synecdoche, New York",7,Charlie Kaufman
Rumble Fish,7,Francis Ford Coppola
Wild Tales,7,Damián Szifron
Rosemary's Baby,8,Roman Polanski
The Dead Zone,8,David Cronenberg
Dazed and Confused,8,Richard Linklater
Burn After Reading,6,Ethan Coen
Burn After Reading,6,Joel Coen
Paper Moon,8,Peter Bogdanovich
Paper Moon,8,The Directors Company
Misery,6,Rob Reiner
Wadjda,7,Haifaa al-Mansour
We Need to Talk About Kevin,7,Lynne Ramsay
GoodFellas,10,Martin Scorsese
Glengarry Glen Ross,8,James Foley
The Cabin in the Woods,5,Drew Goddard
Ex Machina,8,Alex Garland
Casablanca,9,Michael Curtiz
Being There,9,Hal Ashby
Dr. Strangelove or: How I Learned to Stop Worrying and Love the Bomb,9,Stanley Kubrick
The Tree of Life,8,Terrence Malick
Inherent Vice,6,Paul Thomas Anderson
Amélie,8,Jean-Pierre Jeunet
Alps,6,Yorgos Lanthimos
Bernie,7,Richard Linklater
Wings of Desire,9,Wim Wenders
The Lobster,6,Yorgos Lanthimos
Night on Earth,7,Jim Jarmusch
The Silence of the Lambs,8,Jonathan Demme
Crimson Peak,7,Guillermo del Toro
The Bad Lieutenant: Port of Call - New Orleans,6,Werner Herzog
The Truman Show,8,Peter Weir
Mommy,8,Xavier Dolan
Room,7,Lenny Abrahamson
Rosetta,8,Luc Dardenne
Rosetta,8,Jean-Pierre Dardenne
Dog Day Afternoon,8,Sidney Lumet
A Pigeon Sat on a Branch Reflecting on Existence,5,Roy Andersson
My Neighbor Totoro,9,Hayao Miyazaki
Bicycle Thieves,8,Vittorio De Sica
Marvellous,8,Julian Farino
Rams,7,Grímur Hákonarson
"Hail, Caesar!",6,Joel Coen
"Hail, Caesar!",6,Ethan Coen
Alice in the Cities,8,Wim Wenders
Naked,9,Mike Leigh
The French Connection,8,William Friedkin
Anomalisa,8,Charlie Kaufman
Anomalisa,8,Duke Johnson
The Last Picture Show,8,Peter Bogdanovich
North by Northwest,8,Alfred Hitchcock
The Passenger,8,Michelangelo Antonioni
Clerks,7,Kevin Smith
Sanjuro,8,Akira Kurosawa
High-Rise,5,Ben Wheatley
45 Years,7,Andrew Haigh
Amy,8,Asif Kapadia
Shaun of the Dead,8,Edgar Wright
Still Alice,5,Richard Glatzer
Still Alice,5,Wash Westmoreland
2001: A Space Odyssey,10,Stanley Kubrick
Mystery Train,8,Jim Jarmusch
Spirited Away,9,Hayao Miyazaki
The Master,8,Paul Thomas Anderson
And Now for Something Completely Different,7,Ian MacNaughton
Rashomon,8,Akira Kurosawa
Life of Brian,8,Terry Jones
Ran,10,Akira Kurosawa
Brief Encounter,8,David Lean
The 39 Steps,7,Alfred Hitchcock
The Great Ecstasy of Woodcarver Steiner,8,Werner Herzog
"The Cook, the Thief, His Wife & Her Lover",9,Peter Greenaway
Rope,8,Alfred Hitchcock
Battleship Potemkin,7,Sergei Eisenstein
Stroszek,8,Werner Herzog
99 Homes,7,Ramin Bahrani
Drowning by Numbers,8,Peter Greenaway
A Zed & Two Noughts,7,Peter Greenaway
Shadows,7,John Cassavetes
Woyzeck,7,Werner Herzog
The Enigma of Kaspar Hauser,9,Werner Herzog
The Rules of the Game,8,Jean Renoir
The Long Goodbye,8,Robert Altman
When Marnie Was There,7,Hiromasa Yonebayashi
Nosferatu the Vampyre,8,Werner Herzog
"Distant Voices, Still Lives",7,Terence Davies
Ponyo,8,Hayao Miyazaki
Yojimbo,9,Akira Kurosawa
Me and Earl and the Dying Girl,6,Alfonso Gomez-Rejon
Moon,8,Duncan Jones
Orpheus,8,Jean Cocteau
A Day in the Country,7,Jean Renoir
Ratcatcher,8,Lynne Ramsay
Vivre Sa Vie,8,Jean-Luc Godard
Three Businessmen,7,Alex Cox
Broken Flowers,8,Jim Jarmusch
L'Avventura,7,Michelangelo Antonioni
Germany Year Zero,8,Roberto Rossellini
Cobra Verde,6,Werner Herzog
Ghost Dog: The Way of the Samurai,8,Jim Jarmusch
Throne of Blood,8,Akira Kurosawa
The Third Man,9,Carol Reed
The Squid and the Whale,8,Noah Baumbach
Zodiac,7,David Fincher
Morvern Callar,7,Lynne Ramsay
The Hard Stop,7,George Amponsah
Beauty and the Beast,8,Jean Cocteau
Fantastic Mr. Fox,6,Wes Anderson
Journey to Italy,7,Roberto Rossellini
Eastern Promises,7,David Cronenberg
Tangerine,5,Sean Baker
The Lady Vanishes,7,Alfred Hitchcock
Hell or High Water,7,David Mackenzie
Taste of Cherry,7,Abbas Kiarostami
Of Time and the City,7,Terence Davies
Hunt for the Wilderpeople,7,Taika Waititi
The Draughtsman's Contract,8,Peter Greenaway
The Diving Bell and the Butterfly,8,Julian Schnabel
All the President's Men,8,Alan J. Pakula
Woman in the Dunes,10,Hiroshi Teshigahara
The Red Shoes,8,Emeric Pressburger
The Red Shoes,8,Michael Powell
Black Narcissus,8,Emeric Pressburger
Black Narcissus,8,Michael Powell
The Girl with All the Gifts,6,Colm McCarthy
The Ninth Configuration,8,William Peter Blatty
Ikiru,9,Akira Kurosawa
Knife in the Water,8,Roman Polanski
Under the Shadow,7,Babak Anvari
"I, Daniel Blake",8,Ken Loach
Berberian Sound Studio,7,Peter Strickland
Cool Hand Luke,8,Stuart Rosenberg
Crimes and Misdemeanors,8,Woody Allen
The Lodger: A Story of the London Fog,7,Alfred Hitchcock
Hitchcock/Truffaut,7,Kent Jones
A History of Violence,6,David Cronenberg
Raw,7,Julia Ducournau
A Woman Under the Influence,8,John Cassavetes
Young Frankenstein,8,Mel Brooks
Prevenge,5,Alice Lowe
Drácula,6,Enrique Tovar Ávalos
Drácula,6,George Melford
Lost Highway,7,David Lynch
A Matter of Life and Death,8,Emeric Pressburger
A Matter of Life and Death,8,Michael Powell
Aliens,8,James Cameron
Victoria,7,Sebastian Schipper
Sing Street,6,John Carney
The Thing,9,John Carpenter
The Maltese Falcon,7,John Huston
Faces,8,John Cassavetes
Paterson,8,Jim Jarmusch
The Immigrant,7,Charlie Chaplin
The Beatles: Eight Days a Week - The Touring Years,7,Ron Howard
The Witch,7,Robert Eggers
"Play It Again, Sam",8,Herbert Ross
They Live,8,John Carpenter
Assault on Precinct 13,7,John Carpenter
Tale of Tales,6,Matteo Garrone
Citizen Kane,9,Orson Welles
Mean Streets,7,Martin Scorsese
8½,8,Federico Fellini
Nosferatu,8,F.W. Murnau
Do the Right Thing,8,Spike Lee
The Fog,6,John Carpenter
The Lives of Others,8,Florian Henckel von Donnersmarck
L'Âge d'Or,7,Luis Buñuel
Kill List,7,Ben Wheatley
The King of Comedy,9,Martin Scorsese
Seven Samurai,9,Akira Kurosawa
A Personal Journey with Martin Scorsese Through American Movies,8,Martin Scorsese
A Personal Journey with Martin Scorsese Through American Movies,8,Michael Henry Wilson
Big Trouble in Little China,7,John Carpenter
Cave of Forgotten Dreams,7,Werner Herzog
Peeping Tom,8,Michael Powell
The Elephant Man,8,David Lynch
Close-Up,9,Abbas Kiarostami
Contempt,8,Jean-Luc Godard
Carrie,8,Brian De Palma
Modern Times,8,Charlie Chaplin
Night of the Living Dead,8,George A. Romero
Highway Patrolman,8,Alex Cox
Notorious,8,Alfred Hitchcock
The Exterminating Angel,8,Luis Buñuel
Everybody Wants Some!!,8,Richard Linklater
Eyes Without a Face,8,Georges Franju
Drunken Angel,7,Akira Kurosawa
Red Beard,8,Akira Kurosawa
Kubo and the Two Strings,6,Travis Knight
Three Colors: Blue,8,Krzysztof Kieślowski
Evil Dead II,7,Sam Raimi
M,9,Fritz Lang
Harakiri,9,Masaki Kobayashi
"Rome, Open City",8,Roberto Rossellini
Three Colors: White,7,Krzysztof Kieślowski
The Parallax View,7,Alan J. Pakula
Suspiria,8,Dario Argento
Spotlight,7,Tom McCarthy
Free Fire,7,Ben Wheatley
Ali: Fear Eats the Soul,8,Rainer Werner Fassbinder
Double Indemnity,8,Billy Wilder
Best of Enemies,7,Morgan Neville
Best of Enemies,7,Robert Gordon
Red Road,7,Andrea Arnold
Kagemusha,8,Akira Kurosawa
Sunset Boulevard,8,Billy Wilder
City Lights,10,Charlie Chaplin
The Big Sleep,7,Howard Hawks
The Wrong Man,8,Alfred Hitchcock
The Wind That Shakes the Barley,8,Ken Loach
The Devil's Backbone,7,Guillermo del Toro
Nashville,9,Robert Altman
Jules and Jim,7,François Truffaut
Our Hospitality,7,Buster Keaton
Our Hospitality,7,John G. Blystone
"Sherlock, Jr.",8,Buster Keaton
The Straight Story,8,David Lynch
The Lady from Shanghai,7,Orson Welles
F for Fake,8,Orson Welles
Three Colors: Red,8,Krzysztof Kieślowski
M*A*S*H,7,Robert Altman
Waking Life,8,Richard Linklater
Viridiana,7,Luis Buñuel
Secrets & Lies,9,Mike Leigh
Belle de Jour,8,Luis Buñuel
Autumn Sonata,8,Ingmar Bergman
Last Year at Marienbad,8,Alain Resnais
The Searchers,7,John Ford
Baby Driver,5,Edgar Wright
The Salt of the Earth,7,Wim Wenders
The Salt of the Earth,7,Juliano Ribeiro Salgado
Babette's Feast,8,Gabriel Axel
David Lynch: The Art Life,6,Olivia Neergaard-Holm
David Lynch: The Art Life,6,Jon Nguyen
David Lynch: The Art Life,6,Rick Barnes
The Big Short,7,Adam McKay
The Hidden Fortress,8,Akira Kurosawa
The Double Life of Véronique,7,Krzysztof Kieślowski
Picnic at Hanging Rock,7,Peter Weir
A Fistful of Dollars,8,Sergio Leone
"Ivan the Terrible, Part I",7,Sergei Eisenstein
"Ivan the Terrible, Part II: The Boyars' Plot",6,Sergei Eisenstein
Zelig,7,Woody Allen
Bullitt,7,Peter Yates
The Breakfast Club,7,John Hughes
Porco Rosso,7,Hayao Miyazaki
A Streetcar Named Desire,8,Elia Kazan
Brighton Rock,6,John Boulting
For a Few Dollars More,8,Sergio Leone
Dunkirk,6,Christopher Nolan
Dial M for Murder,7,Alfred Hitchcock
Welcome to the Dollhouse,7,Todd Solondz
The Reflecting Skin,7,Philip Ridley
McCabe & Mrs. Miller,8,Robert Altman
Wrong Move,7,Wim Wenders
The Magnificent Ambersons,6,Orson Welles
Repulsion,8,Roman Polanski
Kings of the Road,8,Wim Wenders
The General,9,Buster Keaton
The General,9,Clyde Bruckman
Louie Bluie,8,Terry Zwigoff
Moonlight,7,Barry Jenkins
Koyaanisqatsi,8,Godfrey Reggio
The Fits,7,Anna Rose Holmer
Crumb,8,Terry Zwigoff
THX 1138,7,George Lucas
Sixteen Candles,6,John Hughes
Lolita,6,Stanley Kubrick
Unforgiven,8,Clint Eastwood
An American Werewolf in London,7,John Landis
Russian Ark,7,Aleksandr Sokurov
The Princess Bride,7,Rob Reiner
My Life as a Zucchini,7,Claude Barras
The Handmaiden,8,Park Chan-wook
Fish Tank,7,Andrea Arnold
The Death of Stalin,7,Armando Iannucci
Duel,8,Steven Spielberg
Bonnie and Clyde,8,Arthur Penn
Silent Running,6,Douglas Trumbull
Close Encounters of the Third Kind,7,Steven Spielberg
Short Cuts,8,Robert Altman
Ugetsu,8,Kenji Mizoguchi
The Wild Bunch,8,Sam Peckinpah
PlayTime,7,Jacques Tati
Sorcerer,8,William Friedkin
Heart of Glass,6,Werner Herzog
Thelma & Louise,7,Ridley Scott
Singin' in the Rain,8,Stanley Donen
Singin' in the Rain,8,Gene Kelly
The Cabinet of Dr. Caligari,6,Robert Wiene
Sympathy for Mr. Vengeance,7,Park Chan-wook
In Cold Blood,8,Richard Brooks
The Story of Film: An Odyssey,8,Mark Cousins
"The Good, the Bad and the Ugly",8,Sergio Leone
The Lovers on the Bridge,7,Leos Carax
Raise the Red Lantern,8,Zhang Yimou
Man with a Movie Camera,8,Dziga Vertov
Sunrise: A Song of Two Humans,8,F.W. Murnau
Late Spring,8,Yasujirō Ozu
3 Women,7,Robert Altman
The Red Turtle,7,Michael Dudok de Wit
To Have and Have Not,7,Howard Hawks
Drugstore Cowboy,6,Gus Van Sant
The Man Who Sleeps,7,Bernard Queysanne
The Celebration,8,Thomas Vinterberg
The Tenant,7,Roman Polanski
This Is Spinal Tap,8,Rob Reiner
Humanity and Paper Balloons,7,Sadao Yamanaka
The Woman in the Window,7,Fritz Lang
Wild Strawberries,8,Ingmar Bergman
The Night of the Hunter,8,Charles Laughton
The Burmese Harp,9,Kon Ichikawa
The Treasure of the Sierra Madre,9,John Huston
The Sword of Doom,7,Kihachi Okamoto
The Virgin Spring,8,Ingmar Bergman
Buena Vista Social Club,7,Wim Wenders
Kwaidan,8,Masaki Kobayashi
The Holy Mountain,8,Alejandro Jodorowsky
Cléo from 5 to 7,8,Agnès Varda
Butch Cassidy and the Sundance Kid,7,George Roy Hill
You Were Never Really Here,6,Lynne Ramsay
After Hours,9,Martin Scorsese
The Wages of Fear,8,Henri-Georges Clouzot
When a Woman Ascends the Stairs,8,Mikio Naruse
Isle of Dogs,7,Wes Anderson
All Tomorrow's Parties,6,Jonathan Caouette
Pastoral: To Die in the Country,8,Shūji Terayama
Rio Bravo,8,Howard Hawks
The Son,9,Luc Dardenne
The Son,9,Jean-Pierre Dardenne
Nights of Cabiria,8,Federico Fellini
The Edge of the World,7,Michael Powell
The Earrings of Madame de...,8,Max Ophüls
The Apartment,8,Billy Wilder
Pierrot le Fou,6,Jean-Luc Godard
In the Mood for Love,8,Wong Kar-wai
My Darling Clementine,7,John Ford
The Player,8,Robert Altman
Pickpocket,8,Robert Bresson
L.A. Confidential,7,Curtis Hanson
The Freshman,7,Fred C. Newmeyer
The Freshman,7,Sam Taylor
Drifting Clouds,8,Aki Kaurismäki
Certified Copy,8,Abbas Kiarostami
Werckmeister Harmonies,7,Béla Tarr
Werckmeister Harmonies,7,Ágnes Hranitzky
Bring Me the Head of Alfredo Garcia,8,Sam Peckinpah
Band of Outsiders,7,Jean-Luc Godard
Amarcord,7,Federico Fellini
The Bird with the Crystal Plumage,7,Dario Argento
Kiss Kiss Bang Bang,6,Shane Black
Waiting for Guffman,8,Christopher Guest
An Autumn Afternoon,8,Yasujirō Ozu
Songs from the Second Floor,6,Roy Andersson
Pat Garrett & Billy the Kid,7,Sam Peckinpah
Shadow of a Doubt,7,Alfred Hitchcock
The Bitter Tears of Petra von Kant,8,Rainer Werner Fassbinder
Chinese Roulette,7,Rainer Werner Fassbinder
The River,7,Jean Renoir
The Sting,7,George Roy Hill
Don't Look Now,7,Nicolas Roeg
Hard Eight,7,Paul Thomas Anderson
The Man Who Shot Liberty Valance,8,John Ford
Last Tango in Paris,7,Bernardo Bertolucci
Deep End,7,Jerzy Skolimowski
American Graffiti,7,George Lucas
The Woman Next Door,7,François Truffaut
The Ballad of Cable Hogue,7,Sam Peckinpah
The Turin Horse,7,Béla Tarr
The Turin Horse,7,Ágnes Hranitzky
Cinema Paradiso,7,Giuseppe Tornatore
Fanny and Alexander,8,Ingmar Bergman
Johnny Guitar,7,Nicholas Ray
Life Is Sweet,8,Mike Leigh
The White Ribbon,8,Michael Haneke
Code Unknown,8,Michael Haneke
Stray Dog,7,Akira Kurosawa
Enemy,7,Denis Villeneuve
Lone Wolf and Cub: White Heaven in Hell,7,Yoshiyuki Kuroda
The Silence,7,Ingmar Bergman
Lone Wolf and Cub: Baby Cart in the Land of Demons,7,Kenji Misumi
Prince of Darkness,7,John Carpenter
Beau Travail,8,Claire Denis
Through a Glass Darkly,8,Ingmar Bergman
Day for Night,8,François Truffaut
Village of the Damned,6,Wolf Rilla
Hiroshima Mon Amour,7,Alain Resnais
Jaws,8,Steven Spielberg
The Life of Oharu,8,Kenji Mizoguchi
I Confess,7,Alfred Hitchcock
Strangers on a Train,8,Alfred Hitchcock
Blind Chance,8,Krzysztof Kieślowski
The Big Heat,8,Fritz Lang
The Umbrellas of Cherbourg,7,Jacques Demy
The Eyes of Orson Welles,7,Mark Cousins
Loves of a Blonde,8,Miloš Forman
La Notte,8,Michelangelo Antonioni
Carnival of Souls,6,Herk Harvey
The Phantom of Liberty,7,Luis Buñuel
The Killing of a Sacred Deer,8,Yorgos Lanthimos
Come and See,9,Elem Klimov
Infernal Affairs,7,Andrew Lau
Infernal Affairs,7,Alan Mak
Barry Lyndon,8,Stanley Kubrick
Irma Vep,7,Olivier Assayas
The Marriage of Maria Braun,7,Rainer Werner Fassbinder
"Welcome, or No Trespassing",7,Elem Klimov
Stagecoach,8,John Ford
I Am Cuba,8,Mikhail Kalatozov
The Blues Brothers,7,John Landis
Au Revoir les Enfants,8,Louis Malle
The Ascent,8,Larisa Shepitko
Ashes and Diamonds,8,Andrzej Wajda
A Fish Called Wanda,7,Charles Crichton
A Nightmare on Elm Street,6,Wes Craven
Straw Dogs,7,Sam Peckinpah
Five Easy Pieces,8,Bob Rafelson
Daisies,7,Věra Chytilová
House,7,Nobuhiko Ōbayashi
Memento,8,Christopher Nolan
Le Cercle Rouge,8,Jean-Pierre Melville
"Duck, You Sucker",8,Sergio Leone
Andrei Rublev,9,Andrei Tarkovsky
Pulp Fiction,8,Quentin Tarantino
Panic in the Streets,7,Elia Kazan
Kuroneko,8,Kaneto Shindō
Tropical Malady,7,Apichatpong Weerasethakul
The Hunt,8,Thomas Vinterberg
Intimate Lighting,7,Ivan Passer
Red Desert,7,Michelangelo Antonioni
Rancho Notorious,7,Fritz Lang
The Warriors,7,Walter Hill
Breaking the Waves,8,Lars von Trier
El Topo,7,Alejandro Jodorowsky
La Jetée,7,Chris Marker
Letter Never Sent,8,Mikhail Kalatozov
The Salesman,8,Asghar Farhadi
Images,7,Robert Altman
Memories of Murder,8,Bong Joon-ho
Good Morning,8,Yasujirō Ozu
Sightseers,6,Ben Wheatley
Grand Illusion,8,Jean Renoir
Scum,7,Alan Clarke
Night and the City,7,Jules Dassin
Mauvais Sang,7,Leos Carax
The Ballad of Buster Scruggs,7,Joel Coen
The Ballad of Buster Scruggs,7,Ethan Coen
Dead Man's Shoes,7,Shane Meadows
Summer with Monika,7,Ingmar Bergman
Umberto D.,8,Vittorio De Sica
God's Angry Man,6,Werner Herzog
Roma,8,Alfonso Cuarón
Vagabond,7,Agnès Varda
Battling Butler,7,Buster Keaton
The Cameraman,8,Buster Keaton
The Cameraman,8,Edward Sedgwick
Memories of Underdevelopment,8,Tomás Gutiérrez Alea
The Thin Red Line,8,Terrence Malick
Mother,7,Bong Joon-ho
The Old Dark House,6,James Whale
Vengeance Is Mine,7,Shōhei Imamura
Heat,7,Michael Mann
Young Mr. Lincoln,7,John Ford
Army of Shadows,8,Jean-Pierre Melville
Ace in the Hole,8,Billy Wilder
Medium Cool,8,Haskell Wexler
Django,8,Sergio Corbucci
Nanook of the North,7,Robert J. Flaherty
Bringing Out the Dead,7,Martin Scorsese
The Color of Pomegranates,6,Sergei Parajanov
Radio On,7,Chris Petit
Early Summer,8,Yasujirō Ozu
Sabotage,7,Alfred Hitchcock
Whisky Galore!,8,Alexander Mackendrick
Eden and After,6,Alain Robbe-Grillet
The Human Condition I: No Greater Love,8,Masaki Kobayashi
Blow Out,8,Brian De Palma
A Scanner Darkly,7,Richard Linklater
Cross of Iron,7,Sam Peckinpah
Trans-Europ-Express,7,Alain Robbe-Grillet
Easy Rider,7,Dennis Hopper
Blue Collar,8,Paul Schrader
High Noon,6,Fred Zinnemann
Tetsuo: The Iron Man,7,Shinya Tsukamoto
La Dolce Vita,8,Federico Fellini
The Party,6,Sally Potter
The Asphalt Jungle,8,John Huston
The Commissar,7,Aleksandr Askoldov
Casque d'Or,8,Jacques Becker
Loving Vincent,6,Dorota Kobiela
Loving Vincent,6,Hugh Welchman
Kes,8,Ken Loach
Eyes Wide Shut,5,Stanley Kubrick
Christine,7,John Carpenter
The Battle of Algiers,8,Gillo Pontecorvo
My Dinner with Andre,7,Louis Malle
Anvil! The Story of Anvil,8,Sacha Gervasi
Floating Weeds,8,Yasujirō Ozu
The Proposition,8,John Hillcoat
Opening Night,8,John Cassavetes
Boyz n the Hood,7,John Singleton
The Navigator,8,Buster Keaton
The Navigator,8,Donald Crisp
The Great Silence,8,Sergio Corbucci
Kameradschaft,8,G.W. Pabst
Snowpiercer,6,Bong Joon-ho
Le Doulos,7,Jean-Pierre Melville
Scarlet Street,7,Fritz Lang
Encounters at the End of the World,8,Werner Herzog
Another Woman,6,Woody Allen
The Crucified Lovers,8,Kenji Mizoguchi
Marty,7,Delbert Mann
High Life,7,Claire Denis
Bob le Flambeur,7,Jean-Pierre Melville
The Bride Wore Black,6,François Truffaut
True Grit,6,Joel Coen
True Grit,6,Ethan Coen
Odd Man Out,8,Carol Reed
Cold War,8,Paweł Pawlikowski
To Catch a Thief,6,Alfred Hitchcock
Annihilation,6,Alex Garland
Climax,8,Gaspar Noé
Uncle Boonmee Who Can Recall His Past Lives,8,Apichatpong Weerasethakul
The Blue Angel,7,Josef von Sternberg
Planet of the Apes,7,Franklin J. Schaffner
Lupin the Third: The Castle of Cagliostro,6,Hayao Miyazaki
Speedy,8,Ted Wilde
Ip Man,8,Wilson Yip
24 City,7,Zhangke Jia
The Host,7,Bong Joon-ho
The Last Waltz,8,Martin Scorsese
A Simple Life,8,Ann Hui
The Killer,8,John Woo
The Devils,8,Ken Russell
Good Time,8,Josh Safdie
Good Time,8,Benny Safdie
The Last Detail,7,Hal Ashby
The Kid Brother,8,Ted Wilde
The Kid Brother,8,J.A. Howe
Wildlife,7,Paul Dano
Heaven Knows What,7,Josh Safdie
Heaven Knows What,7,Benny Safdie
Landscape in the Mist,7,Theo Angelopoulos
Ms .45,8,Abel Ferrara
Nostalgia,7,Andrei Tarkovsky
The Blackout,7,Abel Ferrara
A Ghost Story,8,David Lowery
Leaving Las Vegas,7,Mike Figgis
Kiki's Delivery Service,7,Hayao Miyazaki
mother!,7,Darren Aronofsky
Chungking Express,8,Wong Kar-wai
Stray Dogs,7,Tsai Ming-liang
Columbus,7,Kogonada
Midnight in Paris,7,Woody Allen
La Chinoise,8,Jean-Luc Godard
The Servant,7,Joseph Losey
Equinox Flower,8,Yasujirō Ozu
Us,6,Jordan Peele
Le Trou,9,Jacques Becker
Radio Days,7,Woody Allen
The Addiction,7,Abel Ferrara
He Walked by Night,7,Alfred L. Werker
The Edge,7,Barney Douglas
Somers Town,7,Shane Meadows
The Naked Gun: From the Files of Police Squad!,7,David Zucker
The Match Factory Girl,8,Aki Kaurismäki
Vampyr,7,Carl Theodor Dreyer
High Hopes,7,Mike Leigh
The Big Gundown,8,Sergio Sollima
Face to Face,8,Sergio Sollima
Bullet in the Head,8,John Woo
Diamonds of the Night,7,Jan Němec
The Stuff,5,Larry Cohen
Sonatine,7,Takeshi Kitano
The Shop on Main Street,8,Elmar Klos
The Shop on Main Street,8,Ján Kadár
The Day Shall Come,7,Chris Morris
Escape from Alcatraz,7,Don Siegel
The Rider,8,Chloé Zhao
Spider,7,David Cronenberg
Impossible Horror,6,Justin Decloux
Romper Stomper,6,Geoffrey Wright
Targets,6,Peter Bogdanovich
Bullets Over Broadway,7,Woody Allen
Tokyo-Ga,7,Wim Wenders
Meek's Cutoff,7,Kelly Reichardt
Mother Joan of the Angels,8,Jerzy Kawalerowicz
The Red and the White,7,Miklós Jancsó
Ichi the Killer,6,Takashi Miike
Deconstructing Harry,7,Woody Allen
Zazie dans le Métro,7,Louis Malle
Cameraman: The Life and Work of Jack Cardiff,7,Craig McCall
Police Story,7,Jackie Chan
A Bullet for the General,7,Damiano Damiani
The Fallen Idol,7,Carol Reed
I Lost My Body,7,Jérémy Clapin
I Vitelloni,7,Federico Fellini
Ip Man 2,7,Wilson Yip
Burning,8,Lee Chang-dong
The Driller Killer,6,Abel Ferrara
The Grapes of Death,7,Jean Rollin
Mighty Aphrodite,7,Woody Allen
Japón,8,Carlos Reygadas
The Funeral,7,Abel Ferrara
The Killing of a Chinese Bookie,7,John Cassavetes
"Texas, Adios",7,Ferdinando Baldi
Day of Anger,7,Tonino Valerii
Man on Wire,7,James Marsh
Happy as Lazzaro,8,Alice Rohrwacher
The Florida Project,8,Sean Baker
The Limits of Control,6,Jim Jarmusch
Aquarius,7,Kleber Mendonça Filho
Make Way for Tomorrow,7,Leo McCarey
Death Rides a Horse,7,Giulio Petroni
Duck Soup,7,Leo McCarey
Keoma,7,Enzo G. Castellari
Fallen Angels,7,Wong Kar-wai
Mandy,8,Panos Cosmatos
Dawn of the Dead,8,George A. Romero
A Hidden Life,8,Terrence Malick
The Last of England,7,Derek Jarman
Kikujiro,7,Takeshi Kitano
Damnation,6,Béla Tarr
Witchfinder General,7,Michael Reeves
The Lighthouse,8,Robert Eggers
The Wind Will Carry Us,8,Abbas Kiarostami
Dolls,8,Takeshi Kitano
Nazarin,7,Luis Buñuel
Shoplifters,8,Hirokazu Kore-eda
Uncut Gems,9,Josh Safdie
Uncut Gems,9,Benny Safdie
Birds of Passage,8,Ciro Guerra
Birds of Passage,8,Cristina Gallego
Duel to the Death,7,Ching Siu-Tung
The Round-Up,7,Miklós Jancsó
My Own Private Idaho,7,Gus Van Sant
Parasite,8,Bong Joon-ho
Castle in the Sky,7,Hayao Miyazaki
Police Story 2,7,Jackie Chan
Cemetery of Splendor,7,Apichatpong Weerasethakul
Crimes of Passion,7,Ken Russell
Beetlejuice,6,Tim Burton
Gun Crazy,8,Joseph H. Lewis
What Ever Happened to Baby Jane?,7,Robert Aldrich
The 8 Diagram Pole Fighter,8,Liu Chia-Liang
Dragon Inn,8,King Hu
Silence,6,Martin Scorsese
The Long Good Friday,8,John Mackenzie
The Irishman,8,Martin Scorsese
Sisters,6,Brian De Palma
Taxi,7,Jafar Panahi
Horse Money,7,Pedro Costa
Poetry,8,Lee Chang-dong
The Beyond,6,Lucio Fulci
Sans Soleil,8,Chris Marker
The Big Combo,8,Joseph H. Lewis
Bacurau,8,Kleber Mendonça Filho
Bacurau,8,Juliano Dornelles
Midsommar,6,Ari Aster
Un Flic,7,Jean-Pierre Melville
Showgirls,6,Paul Verhoeven
New Rose Hotel,6,Abel Ferrara
Invasion of the Body Snatchers,8,Philip Kaufman
The Decline of Western Civilization,8,Penelope Spheeris
Winter Sleep,8,Nuri Bilge Ceylan
The 36th Chamber of Shaolin,8,Liu Chia-Liang
A Touch of Sin,7,Zhangke Jia
Zama,7,Lucrecia Martel
Nausicaä of the Valley of the Wind,7,Hayao Miyazaki
The Wayward Cloud,7,Tsai Ming-liang
Husbands and Wives,8,Woody Allen
Once Upon a Time in Anatolia,8,Nuri Bilge Ceylan
Tepepa,7,Giulio Petroni
Tabu,7,Miguel Gomes
Our Little Sister,7,Hirokazu Kore-eda
Le Corbeau,7,Henri-Georges Clouzot
Aniara,7,Pella Kågerman
Aniara,7,Hugo Lilja
November,6,Rainer Sarnet
The New World,9,Terrence Malick
Cape Fear,5,Martin Scorsese
I Live in Fear,6,Akira Kurosawa
The Running Man,6,Paul Michael Glaser
Ronin,6,John Frankenheimer
Bob & Carol & Ted & Alice,8,Paul Mazursky
Passion,6,Brian De Palma
Far from Men,7,David Oelhoffen
The Decline of Western Civilization Part II: The Metal Years,7,Penelope Spheeris
The Past,8,Asghar Farhadi
Youth of the Beast,7,Seijun Suzuki
Drug War,7,Johnnie To
Mr. Klein,8,Joseph Losey
Vitalina Varela,7,Pedro Costa
Fist of Fury,6,Lo Wei
Dogville,8,Lars von Trier
Hoop Dreams,8,Steve James
The Farewell,7,Lulu Wang
Shadow,7,Zhang Yimou
Faces Places,7,Agnès Varda
Faces Places,7,JR
The Happiness of the Katakuris,7,Takashi Miike
Hero,7,Zhang Yimou
The Emigrants,8,Jan Troell
The Villainess,7,Jung Byung-gil
The Raid,8,Gareth Evans
Day of the Dead,7,George A. Romero
The Grandmaster,6,Wong Kar-wai
The Day of the Owl,7,Damiano Damiani
Martin,6,George A. Romero
Pontypool,7,Bruce McDonald
Cutter's Way,8,Ivan Passer
The Decline of Western Civilization Part III,8,Penelope Spheeris
The Bigamist,7,Ida Lupino
Animal Crackers,7,Victor Heerman
Leave No Trace,7,Debra Granik
A Chinese Ghost Story,6,Ching Siu-Tung
Nymphomaniac: Vol. I,7,Lars von Trier
Hereditary,5,Ari Aster
The Crime of Monsieur Lange,6,Jean Renoir
Nymphomaniac: Vol. II,6,Lars von Trier
Come Drink with Me,7,King Hu
Spring Breakers,7,Harmony Korine
Wolf Children,8,Mamoru Hosoda
Cairo Station,6,Youssef Chahine
Boiling Point,6,Takeshi Kitano
Black Book,7,Paul Verhoeven
Terminator 2: Judgment Day,7,James Cameron
Tie Me Up! Tie Me Down!,6,Pedro Almodóvar
Still Walking,8,Hirokazu Kore-eda
Live Flesh,7,Pedro Almodóvar
Ghost in the Shell,7,Mamoru Oshii
Oasis,8,Lee Chang-dong
Under the Silver Lake,7,David Robert Mitchell
Hollow Man,6,Paul Verhoeven
Night Moves,8,Arthur Penn
Invasion of the Body Snatchers,7,Don Siegel
Knives Out,6,Rian Johnson
A Short Film About Killing,8,Krzysztof Kieślowski
Le Havre,7,Aki Kaurismäki
Rescue Dawn,7,Werner Herzog
Minnie and Moskowitz,7,John Cassavetes
